subjectId,computerTime,activitySetId,caption,question,complete,event
001,21:10:24.054000+00:00,69312627,Identifying phases.,1,0,Start clicked
001,21:11:49.362000+00:00,69312627,Identifying phases.,1,0,Start clicked
001,21:13:13.500000+00:00,69312627,Identifying phases.,1,1,Selected answer
001,21:13:14.414000+00:00,69312627,Identifying phases.,2,0,Next clicked
001,21:13:23.500000+00:00,69312627,Identifying phases.,2,0,Selected answer
001,21:13:33.942000+00:00,69312627,Identifying phases.,2,0,Next clicked
001,21:14:45.500000+00:00,69312627,Identifying phases.,2,1,Selected answer
001,21:14:51.964000+00:00,69312627,Identifying phases.,3,0,Next clicked
001,21:14:59.500000+00:00,69312627,Identifying phases.,3,1,Selected answer
001,21:15:00.868000+00:00,69312627,Identifying phases.,4,0,Next clicked
001,21:15:08.500000+00:00,69312627,Identifying phases.,4,1,Selected answer
002,22:04:09.679000+00:00,69312627,Identifying phases.,1,0,Start clicked
002,22:05:16.500000+00:00,69312627,Identifying phases.,1,0,Selected answer
002,22:05:20.948000+00:00,69312627,Identifying phases.,1,0,Next clicked
002,22:05:39.500000+00:00,69312627,Identifying phases.,1,0,Selected answer
002,22:05:57.460000+00:00,69312627,Identifying phases.,1,0,Next clicked
002,22:05:58.500000+00:00,69312627,Identifying phases.,1,1,Selected answer
002,22:06:02.378000+00:00,69312627,Identifying phases.,2,0,Next clicked
002,22:06:43.500000+00:00,69312627,Identifying phases.,2,0,Selected answer
002,22:06:44.140000+00:00,69312627,Identifying phases.,2,0,Next clicked
002,22:07:07.500000+00:00,69312627,Identifying phases.,2,0,Selected answer
002,22:07:10.993000+00:00,69312627,Identifying phases.,2,0,Next clicked
002,22:07:16.500000+00:00,69312627,Identifying phases.,2,1,Selected answer
002,22:07:17.146000+00:00,69312627,Identifying phases.,3,0,Next clicked
002,22:07:23.500000+00:00,69312627,Identifying phases.,3,1,Selected answer
002,22:07:24.038000+00:00,69312627,Identifying phases.,4,0,Next clicked
002,22:07:27.500000+00:00,69312627,Identifying phases.,4,1,Selected answer
007,19:45:26.377000+00:00,69312627,Identifying phases.,1,0,Start clicked
007,19:45:37.500000+00:00,69312627,Identifying phases.,1,1,Selected answer
007,19:45:38.845000+00:00,69312627,Identifying phases.,2,0,Next clicked
007,19:45:45.500000+00:00,69312627,Identifying phases.,2,0,Selected answer
007,19:45:47.107000+00:00,69312627,Identifying phases.,2,0,Next clicked
007,19:45:49.500000+00:00,69312627,Identifying phases.,2,0,Selected answer
007,19:45:50.835000+00:00,69312627,Identifying phases.,2,0,Next clicked
007,19:45:54.500000+00:00,69312627,Identifying phases.,2,0,Selected answer
007,19:45:54.981000+00:00,69312627,Identifying phases.,2,0,Next clicked
007,19:46:03.500000+00:00,69312627,Identifying phases.,2,1,Selected answer
007,19:46:03.877000+00:00,69312627,Identifying phases.,3,0,Next clicked
007,19:46:10.500000+00:00,69312627,Identifying phases.,3,0,Selected answer
007,19:46:12.052000+00:00,69312627,Identifying phases.,3,0,Next clicked
007,19:46:17.500000+00:00,69312627,Identifying phases.,3,1,Selected answer
007,19:46:18.188000+00:00,69312627,Identifying phases.,4,0,Next clicked
007,19:46:27.500000+00:00,69312627,Identifying phases.,4,0,Selected answer
007,19:46:29.601000+00:00,69312627,Identifying phases.,4,0,Next clicked
007,19:46:38.500000+00:00,69312627,Identifying phases.,4,1,Selected answer
111,18:28:24.500000+00:00,69312627,Identifying phases.,1,0,Start clicked
111,18:30:13.500000+00:00,69312627,Identifying phases.,1,0,Start clicked
111,18:30:17.500000+00:00,69312627,Identifying phases.,1,1,Selected answer
111,18:30:19.500000+00:00,69312627,Identifying phases.,2,0,Next clicked
111,18:31:12.500000+00:00,69312627,Identifying phases.,1,0,Start clicked
111,18:31:19.500000+00:00,69312627,Identifying phases.,1,0,Jumped from level 1 to 2
111,18:31:33.500000+00:00,69312627,Identifying phases.,2,0,Jumped from level 2 to 1
111,18:31:40.500000+00:00,69312627,Identifying phases.,1,1,Selected answer
111,18:31:41.500000+00:00,69312627,Identifying phases.,2,0,Next clicked
111,18:32:52.500000+00:00,69312627,Identifying phases.,1,0,Start clicked
111,18:33:07.500000+00:00,69312627,Identifying phases.,1,0,Selected answer
111,18:33:10.500000+00:00,69312627,Identifying phases.,1,0,Next clicked
111,18:33:29.500000+00:00,69312627,Identifying phases.,1,1,Selected answer
111,18:33:30.500000+00:00,69312627,Identifying phases.,2,0,Next clicked
111,18:33:46.500000+00:00,69312627,Identifying phases.,2,1,Selected answer
111,18:33:48.500000+00:00,69312627,Identifying phases.,3,0,Next clicked
111,18:34:05.500000+00:00,69312627,Identifying phases.,3,1,Selected answer
111,18:34:05.500000+00:00,69312627,Identifying phases.,4,0,Next clicked
111,18:34:12.500000+00:00,69312627,Identifying phases.,4,1,Selected answer
178,02:29:16.956000+00:00,69312627,Identifying phases.,1,0,Start clicked
178,02:29:21.500000+00:00,69312627,Identifying phases.,1,0,Selected answer
178,02:29:23.699000+00:00,69312627,Identifying phases.,1,0,Jumped from level 1 to 1
178,02:29:26.500000+00:00,69312627,Identifying phases.,1,1,Selected answer
178,02:29:28.725000+00:00,69312627,Identifying phases.,2,0,Next clicked
178,02:29:33.500000+00:00,69312627,Identifying phases.,2,1,Selected answer
178,02:29:35.531000+00:00,69312627,Identifying phases.,3,0,Next clicked
178,02:29:52.500000+00:00,69312627,Identifying phases.,3,1,Selected answer
178,02:29:53.288000+00:00,69312627,Identifying phases.,4,0,Next clicked
178,02:30:02.500000+00:00,69312627,Identifying phases.,4,0,Selected answer
178,02:30:05.945000+00:00,69312627,Identifying phases.,4,0,Next clicked
178,02:30:14.500000+00:00,69312627,Identifying phases.,4,1,Selected answer
2003,16:21:44.084000+00:00,69312627,Identifying phases.,1,0,Start clicked
2003,16:22:24.500000+00:00,69312627,Identifying phases.,1,1,Selected answer
2003,16:22:29.399000+00:00,69312627,Identifying phases.,2,0,Next clicked
2003,16:23:36.500000+00:00,69312627,Identifying phases.,2,1,Selected answer
2003,16:23:37.749000+00:00,69312627,Identifying phases.,3,0,Next clicked
2003,16:23:51.500000+00:00,69312627,Identifying phases.,3,1,Selected answer
2003,16:23:52.170000+00:00,69312627,Identifying phases.,4,0,Next clicked
2003,16:24:02.500000+00:00,69312627,Identifying phases.,4,1,Selected answer
343,19:41:06.662000+00:00,69312627,Identifying phases.,1,0,Start clicked
343,19:41:09.500000+00:00,69312627,Identifying phases.,1,0,Selected answer
343,19:41:17.254000+00:00,69312627,Identifying phases.,1,0,Next clicked
343,19:42:00.406000+00:00,69312627,Identifying phases.,1,0,Start clicked
343,19:42:08.500000+00:00,69312627,Identifying phases.,1,1,Selected answer
343,19:42:09.238000+00:00,69312627,Identifying phases.,2,0,Next clicked
343,19:42:17.500000+00:00,69312627,Identifying phases.,2,1,Selected answer
343,19:42:22.531000+00:00,69312627,Identifying phases.,3,0,Next clicked
343,19:42:32.500000+00:00,69312627,Identifying phases.,3,1,Selected answer
343,19:42:33.461000+00:00,69312627,Identifying phases.,4,0,Next clicked
343,19:43:00.500000+00:00,69312627,Identifying phases.,4,1,Selected answer
873,18:10:17.251000+00:00,69312627,Identifying phases.,1,0,Start clicked
873,18:10:23.500000+00:00,69312627,Identifying phases.,1,1,Selected answer
873,18:10:24.982000+00:00,69312627,Identifying phases.,2,0,Next clicked
873,18:10:31.623000+00:00,69312627,Identifying phases.,2,0,Jumped from level 2 to 1
873,18:10:33.500000+00:00,69312627,Identifying phases.,1,0,Selected answer
873,18:10:38.679000+00:00,69312627,Identifying phases.,1,0,Next clicked
873,18:10:42.500000+00:00,69312627,Identifying phases.,1,1,Selected answer
873,18:10:51.824000+00:00,69312627,Identifying phases.,2,0,Next clicked
873,18:10:56.500000+00:00,69312627,Identifying phases.,2,1,Selected answer
873,18:11:02.198000+00:00,69312627,Identifying phases.,3,0,Next clicked
873,18:11:13.500000+00:00,69312627,Identifying phases.,3,1,Selected answer
873,18:11:14.863000+00:00,69312627,Identifying phases.,4,0,Next clicked
873,18:11:20.500000+00:00,69312627,Identifying phases.,4,1,Selected answer
899,22:55:11.475000+00:00,69312627,Identifying phases.,1,0,Start clicked
899,22:55:19.500000+00:00,69312627,Identifying phases.,1,0,Selected answer
899,22:55:24.473000+00:00,69312627,Identifying phases.,1,0,Next clicked
899,22:56:12.193000+00:00,69312627,Identifying phases.,1,0,Start clicked
899,22:56:14.500000+00:00,69312627,Identifying phases.,1,0,Selected answer
899,22:56:16.715000+00:00,69312627,Identifying phases.,1,0,Next clicked
899,22:56:25.500000+00:00,69312627,Identifying phases.,1,0,Selected answer
899,22:56:27.641000+00:00,69312627,Identifying phases.,1,0,Next clicked
899,22:56:34.500000+00:00,69312627,Identifying phases.,1,1,Selected answer
899,22:56:35.895000+00:00,69312627,Identifying phases.,2,0,Next clicked
899,22:56:43.500000+00:00,69312627,Identifying phases.,2,1,Selected answer
899,22:56:45.134000+00:00,69312627,Identifying phases.,3,0,Next clicked
899,22:56:53.500000+00:00,69312627,Identifying phases.,3,1,Selected answer
899,22:56:54.290000+00:00,69312627,Identifying phases.,4,0,Next clicked
899,22:56:58.500000+00:00,69312627,Identifying phases.,4,0,Selected answer
899,22:57:02.528000+00:00,69312627,Identifying phases.,4,0,Next clicked
899,22:57:12.500000+00:00,69312627,Identifying phases.,4,1,Selected answer
