subjectId,computerTime,questionSetId,caption,question,complete
001,21:04:19.497000+00:00,69312632,Phases of water.,1,0
001,21:04:28.507000+00:00,69312632,Phases of water.,1,0
001,21:04:32.872000+00:00,69312632,Phases of water.,1,1
001,21:06:27.843000+00:00,69312635,Saturated terms.,1,0
001,21:06:41.125000+00:00,69312635,Saturated terms.,1,0
001,21:06:44.023000+00:00,69312635,Saturated terms.,1,0
001,21:06:47.320000+00:00,69312635,Saturated terms.,1,0
001,21:06:51.024000+00:00,69312635,Saturated terms.,1,1
001,21:08:47.686000+00:00,69312639,Determining phase from T and P.,1,1
001,21:08:51.552000+00:00,69312639,Determining phase from T and P.,2,1
001,21:09:10.480000+00:00,69312639,Determining phase from T and P.,3,1
001,21:10:05.604000+00:00,69312642,Identifying saturated phases.,1,0
001,21:10:09.837000+00:00,69312642,Identifying saturated phases.,1,0
001,21:10:13.592000+00:00,69312642,Identifying saturated phases.,1,1
002,21:56:18.532000+00:00,69312632,Phases of water.,1,0
002,21:56:25.723000+00:00,69312632,Phases of water.,1,0
002,21:56:28.190000+00:00,69312632,Phases of water.,1,1
002,21:58:23.467000+00:00,69312635,Saturated terms.,1,0
002,21:58:29.310000+00:00,69312635,Saturated terms.,1,0
002,21:58:40.030000+00:00,69312635,Saturated terms.,1,0
002,21:58:44.821000+00:00,69312635,Saturated terms.,1,1
002,22:00:15.228000+00:00,69312639,Determining phase from T and P.,1,1
002,22:00:23.047000+00:00,69312639,Determining phase from T and P.,2,0
002,22:00:23.702000+00:00,69312639,Determining phase from T and P.,2,1
002,22:00:45.476000+00:00,69312639,Determining phase from T and P.,3,0
002,22:00:46.257000+00:00,69312639,Determining phase from T and P.,3,1
002,22:02:32.806000+00:00,69312642,Identifying saturated phases.,1,0
002,22:02:34.619000+00:00,69312642,Identifying saturated phases.,1,0
002,22:02:37.764000+00:00,69312642,Identifying saturated phases.,1,0
002,22:03:01.895000+00:00,69312642,Identifying saturated phases.,1,0
002,22:03:03.812000+00:00,69312642,Identifying saturated phases.,1,1
007,19:38:51.501000+00:00,69312632,Phases of water.,1,0
007,19:39:02.663000+00:00,69312632,Phases of water.,1,0
007,19:39:06.048000+00:00,69312632,Phases of water.,1,1
007,19:40:25.465000+00:00,69312635,Saturated terms.,1,0
007,19:40:52.797000+00:00,69312635,Saturated terms.,1,0
007,19:40:55.926000+00:00,69312635,Saturated terms.,1,0
007,19:41:00.901000+00:00,69312635,Saturated terms.,1,0
007,19:41:03.408000+00:00,69312635,Saturated terms.,1,0
007,19:41:05.772000+00:00,69312635,Saturated terms.,1,1
007,19:41:51.020000+00:00,69312639,Determining phase from T and P.,1,1
007,19:41:54.125000+00:00,69312639,Determining phase from T and P.,2,1
007,19:41:57.513000+00:00,69312639,Determining phase from T and P.,3,1
007,19:42:40.558000+00:00,69312642,Identifying saturated phases.,1,0
007,19:42:43.208000+00:00,69312642,Identifying saturated phases.,1,0
007,19:42:51.594000+00:00,69312642,Identifying saturated phases.,1,0
007,19:42:54.530000+00:00,69312642,Identifying saturated phases.,1,1
111,18:18:14.500000+00:00,69312632,Phases of water.,1,0
111,18:18:34.500000+00:00,69312632,Phases of water.,1,0
111,18:18:40.500000+00:00,69312632,Phases of water.,1,1
111,18:21:03.500000+00:00,69312635,Saturated terms.,1,0
111,18:21:12.500000+00:00,69312635,Saturated terms.,1,0
111,18:21:22.500000+00:00,69312635,Saturated terms.,1,0
111,18:21:25.500000+00:00,69312635,Saturated terms.,1,0
111,18:21:29.500000+00:00,69312635,Saturated terms.,1,1
111,18:24:30.500000+00:00,69312639,Determining phase from T and P.,1,1
111,18:24:34.500000+00:00,69312639,Determining phase from T and P.,2,1
111,18:24:47.500000+00:00,69312639,Determining phase from T and P.,3,1
111,18:26:57.500000+00:00,69312642,Identifying saturated phases.,1,0
111,18:27:03.500000+00:00,69312642,Identifying saturated phases.,1,0
111,18:27:06.500000+00:00,69312642,Identifying saturated phases.,1,1
178,02:14:45.349000+00:00,69312632,Phases of water.,1,0
178,02:15:06.692000+00:00,69312632,Phases of water.,1,0
178,02:15:10.939000+00:00,69312632,Phases of water.,1,1
178,02:19:12.704000+00:00,69312635,Saturated terms.,1,0
178,02:19:34.432000+00:00,69312635,Saturated terms.,1,0
178,02:19:37.857000+00:00,69312635,Saturated terms.,1,0
178,02:19:43.298000+00:00,69312635,Saturated terms.,1,1
178,02:22:49.910000+00:00,69312639,Determining phase from T and P.,1,1
178,02:23:00.830000+00:00,69312639,Determining phase from T and P.,2,1
178,02:23:12.919000+00:00,69312639,Determining phase from T and P.,3,0
178,02:23:14.577000+00:00,69312639,Determining phase from T and P.,3,1
178,02:24:53.509000+00:00,69312642,Identifying saturated phases.,1,0
178,02:24:58.928000+00:00,69312642,Identifying saturated phases.,1,0
178,02:25:01.298000+00:00,69312642,Identifying saturated phases.,1,0
178,02:25:09.558000+00:00,69312642,Identifying saturated phases.,1,0
178,02:25:19.391000+00:00,69312642,Identifying saturated phases.,1,0
178,02:25:21.699000+00:00,69312642,Identifying saturated phases.,1,1
2003,16:12:29.613000+00:00,69312632,Phases of water.,1,0
2003,16:12:37.910000+00:00,69312632,Phases of water.,1,0
2003,16:12:47.710000+00:00,69312632,Phases of water.,1,0
2003,16:12:50.052000+00:00,69312632,Phases of water.,1,1
2003,16:15:04.100000+00:00,69312635,Saturated terms.,1,0
2003,16:15:17.321000+00:00,69312635,Saturated terms.,1,0
2003,16:15:28.091000+00:00,69312635,Saturated terms.,1,0
2003,16:15:30.989000+00:00,69312635,Saturated terms.,1,1
2003,16:17:33.543000+00:00,69312639,Determining phase from T and P.,1,1
2003,16:17:39.847000+00:00,69312639,Determining phase from T and P.,2,0
2003,16:17:46.991000+00:00,69312639,Determining phase from T and P.,2,1
2003,16:17:53.734000+00:00,69312639,Determining phase from T and P.,3,1
2003,16:18:57.827000+00:00,69312642,Identifying saturated phases.,1,0
2003,16:19:07.977000+00:00,69312642,Identifying saturated phases.,1,0
2003,16:19:10.593000+00:00,69312642,Identifying saturated phases.,1,1
343,19:33:46.813000+00:00,69312632,Phases of water.,1,0
343,19:34:23.625000+00:00,69312632,Phases of water.,1,0
343,19:34:30.832000+00:00,69312632,Phases of water.,1,1
343,19:35:09.464000+00:00,69312635,Saturated terms.,1,0
343,19:35:23.096000+00:00,69312635,Saturated terms.,1,0
343,19:35:36.895000+00:00,69312635,Saturated terms.,1,0
343,19:35:44.312000+00:00,69312635,Saturated terms.,1,1
343,19:37:13.022000+00:00,69312639,Determining phase from T and P.,1,1
343,19:37:17.207000+00:00,69312639,Determining phase from T and P.,2,1
343,19:37:22.204000+00:00,69312639,Determining phase from T and P.,3,1
343,19:38:39.535000+00:00,69312642,Identifying saturated phases.,1,0
343,19:38:43.776000+00:00,69312642,Identifying saturated phases.,1,0
343,19:38:48.549000+00:00,69312642,Identifying saturated phases.,1,1
873,18:03:51.700000+00:00,69312632,Phases of water.,1,0
873,18:04:16.931000+00:00,69312632,Phases of water.,1,0
873,18:04:19.605000+00:00,69312632,Phases of water.,1,1
873,18:04:50.419000+00:00,69312635,Saturated terms.,1,0
873,18:05:10.905000+00:00,69312635,Saturated terms.,1,0
873,18:05:37.454000+00:00,69312635,Saturated terms.,1,0
873,18:05:44.032000+00:00,69312635,Saturated terms.,1,0
873,18:05:49.140000+00:00,69312635,Saturated terms.,1,0
873,18:05:53.452000+00:00,69312635,Saturated terms.,1,0
873,18:06:00.039000+00:00,69312635,Saturated terms.,1,0
873,18:06:02.295000+00:00,69312635,Saturated terms.,1,1
873,18:06:53.774000+00:00,69312639,Determining phase from T and P.,2,1
873,18:07:09.252000+00:00,69312639,Determining phase from T and P.,3,0
873,18:07:10.866000+00:00,69312639,Determining phase from T and P.,3,1
873,18:07:35.465000+00:00,69312639,Determining phase from T and P.,1,1
873,18:08:11.721000+00:00,69312642,Identifying saturated phases.,1,0
873,18:08:16.188000+00:00,69312642,Identifying saturated phases.,1,0
873,18:08:19.912000+00:00,69312642,Identifying saturated phases.,1,1
899,22:40:55.478000+00:00,69312632,Phases of water.,1,0
899,22:41:13.108000+00:00,69312632,Phases of water.,1,0
899,22:41:16.578000+00:00,69312632,Phases of water.,1,1
899,22:45:29.275000+00:00,69312635,Saturated terms.,1,0
899,22:45:42.353000+00:00,69312635,Saturated terms.,1,0
899,22:46:01.338000+00:00,69312635,Saturated terms.,1,0
899,22:46:08.368000+00:00,69312635,Saturated terms.,1,0
899,22:46:11.508000+00:00,69312635,Saturated terms.,1,1
899,22:49:47.426000+00:00,69312639,Determining phase from T and P.,1,1
899,22:49:53.186000+00:00,69312639,Determining phase from T and P.,2,0
899,22:49:54.306000+00:00,69312639,Determining phase from T and P.,2,1
899,22:50:06.153000+00:00,69312639,Determining phase from T and P.,3,0
899,22:50:09.806000+00:00,69312639,Determining phase from T and P.,3,1
899,22:52:12.388000+00:00,69312642,Identifying saturated phases.,1,0
899,22:52:17.590000+00:00,69312642,Identifying saturated phases.,1,0
899,22:52:22.738000+00:00,69312642,Identifying saturated phases.,1,0
899,22:52:31.999000+00:00,69312642,Identifying saturated phases.,1,0
899,22:52:40.344000+00:00,69312642,Identifying saturated phases.,1,0
899,22:52:43.120000+00:00,69312642,Identifying saturated phases.,1,1
