subjectId,mentalDemand,physicalDemand,frustationLevel,effortLevel,temporalDemand,performance,taskName
001,5.0,3.0,9.0,13.0,1.0,5.0,Challenge Activities
001,5.0,2.0,8.0,3.0,7.0,6.0,Read Article 1
001,3.0,3.0,4.0,3.0,3.0,5.0,Read Article 2
001,13.0,3.0,11.0,12.0,10.0,5.0,Read Textbook
001,10.0,2.0,7.0,7.0,2.0,2.0,Zybook Section 1.1
002,2.0,0.0,1.0,1.0,4.0,1.0,Challenge Activities
002,1.0,1.0,0.0,0.0,1.0,1.0,Read Article 1
002,0.0,0.0,0.0,0.0,0.0,0.0,Read Article 2
002,3.0,1.0,0.0,1.0,1.0,1.0,Read Textbook
002,3.0,2.0,0.0,1.0,3.0,3.0,Zybook Section 1.1
007,14.0,1.0,10.0,11.0,2.0,10.0,Challenge Activities
007,4.0,1.0,1.0,2.0,0.0,6.0,Read Article 1
007,3.0,1.0,1.0,1.0,1.0,3.0,Read Article 1
007,1.0,1.0,2.0,2.0,1.0,6.0,Read Article 2
007,7.0,2.0,2.0,7.0,2.0,8.0,Read Textbook
007,11.0,2.0,6.0,8.0,2.0,9.0,Zybook Section 1.1
111,13.0,0.0,0.0,6.0,5.0,3.0,Challenge Activities
111,4.0,0.0,0.0,10.0,4.0,4.0,Read Article 1
111,3.0,1.0,0.0,1.0,2.0,0.0,Read Article 2
111,14.0,1.0,5.0,10.0,6.0,12.0,Read Textbook
111,16.0,0.0,0.0,6.0,5.0,4.0,Zybook Section 1.1
178,7.0,3.0,5.0,9.0,3.0,6.0,Challenge Activities
178,5.0,3.0,6.0,7.0,3.0,4.0,Read Article 1
178,13.0,4.0,4.0,10.0,6.0,2.0,Read Textbook
178,15.0,3.0,8.0,13.0,6.0,6.0,Zybook Section 1.1
2003,11.0,1.0,11.0,11.0,3.0,3.0,Challenge Activities
2003,3.0,0.0,6.0,0.0,1.0,3.0,Read Article 1
2003,2.0,1.0,2.0,3.0,2.0,1.0,Read Article 2
2003,9.0,1.0,9.0,9.0,3.0,3.0,Read Textbook
2003,10.0,1.0,10.0,10.0,5.0,5.0,Zybook Section 1.1
343,4.0,0.0,11.0,0.0,0.0,10.0,Challenge Activities
343,0.0,0.0,0.0,0.0,0.0,10.0,Read Article 1
343,0.0,0.0,0.0,0.0,0.0,10.0,Read Article 2
343,0.0,0.0,0.0,0.0,0.0,10.0,Read Textbook
343,0.0,0.0,0.0,0.0,0.0,10.0,Zybook Section 1.1
873,4.0,1.0,1.0,4.0,4.0,0.0,Challenge Activities
873,5.0,1.0,0.0,4.0,8.0,2.0,Read Article 1
873,1.0,1.0,1.0,1.0,3.0,3.0,Read Article 2
873,6.0,1.0,1.0,4.0,3.0,1.0,Read Textbook
873,5.0,2.0,4.0,4.0,4.0,1.0,Zybook Section 1.1
899,13.0,7.0,8.0,14.0,5.0,11.0,Challenge Activities
899,7.0,1.0,1.0,9.0,5.0,17.0,Read Article 1
899,4.0,1.0,1.0,1.0,1.0,17.0,Read Article 2
899,12.0,5.0,1.0,9.0,0.0,15.0,Read Textbook
899,13.0,6.0,8.0,14.0,10.0,10.0,Zybook Section 1.1
